IEMFileVersion,4,,,,,,,,
Investigator Name,Liming,,,,,,,,
Experiment Name,glioma_sc_mda_mpcr,,,,,,,,
Date,2019-05-17,,,,,,,,
Workflow,GenerateFASTQ,,,,,,,,
Application,FASTQ Only,,,,,,,,
Assay,Nextera,,,,,,,,
Description,,,,,,,,,
Chemistry,Amplicon,,,,,,,,
,,,,,,,,,
[Reads],,,,,,,,,
250,,,,,,,,,
250,,,,,,,,,
,,,,,,,,,
[Settings],,,,,,,,,
ReverseComplement,0,,,,,,,,
Adapter,CTGTCTCTTATACACATCT,,,,,,,,
,,,,,,,,,
[Data],,,,,,,,,
Sample_ID,Sample_Name,Sample_Plate,Sample_Well,I7_Index_ID,index,I5_Index_ID,index2,Sample_Project,Description
Nextra-A1A1,Nextra-A1A1,,,N701,GCGATCTA,N501,TAAGGCGA,,
